method,method_label,control_name,control_value,rho_model,generalization_error,reconstruction_error,clean_reconstruction_error,explained_variance,reconstruction_mse,selection_error,mask_uncertainty,paper_style_sigma_sel,support_precision,support_recall,support_f1,support_average_precision,support_roc_auc,decoder_recovery_cosine,dead_fraction,amplitude_shrinkage,mean_activation,average_l0,expected_l0,l1_raw_relu_rho_model,l1_raw_relu_selection_error,l1_raw_relu_sigma_sel,l1_gmm_threshold,l1_raw_relu_density,n_seeds
gated,Gated,l1_coefficient,0.1,0.04906079783479852,1.1189254966462943,0.4862171173095703,0.4862171173095703,0.732401967048645,0.10084892362356186,0.13299162417417726,0.04376070595895619,0.04639452782460599,0.6468319193094546,0.019145024807025922,0.036910061041887834,0.22512041218513348,0.6288067358889997,0.6587974429130554,0.0,2.3969539211175417,0.2589194029569626,0.099609375,1.5699455307135526,,,,,,5
gated,Gated,l1_coefficient,0.07,0.059650220988034686,1.1298055354368401,0.44779653549194337,0.44779653549194337,0.7759384274482727,0.08459692746400833,0.1401177737644646,0.052300034903860135,0.055738845514309854,0.661504437364888,0.02937305498297087,0.05597355206593726,0.2310197575616883,0.6237504336488089,0.6592251896858216,0.0,2.244692186604308,0.273886901140213,0.14375,1.90880707161711,,,,,,5
gated,Gated,l1_coefficient,0.05,0.07121806207797712,1.1310880975596205,0.3432606339454651,0.3432606339454651,0.8678565382957458,0.05002489760518074,0.14942455675471827,0.06122447507107982,0.06547389414703003,0.55267697263348,0.03130323629032341,0.05862475076213998,0.2058903151717557,0.6057230061342341,0.6415985345840454,0.0,3.291812926605826,0.2869097709655762,0.187109375,2.278977986495268,,,,,,5
gated,Gated,l1_coefficient,0.03,0.09395120139916657,1.1458495008401612,0.262727889418602,0.262727889418602,0.9235717415809631,0.028924616798758507,0.1662012458485719,0.078732477278644,0.08399416840991798,0.49254608543579215,0.04186900401724901,0.07680662349233244,0.2106657467035487,0.6059173546610965,0.6308132648468018,0.0,2.9996898186935566,0.3098324179649353,0.266796875,3.0064384447733303,,,,,,5
gated,Gated,l1_coefficient,0.02,0.1150154067658284,1.1580046619262625,0.2132890433073044,0.2132890433073044,0.9491924524307251,0.019282335601747035,0.182580951589681,0.09312754431381236,0.09981259346374825,0.44986170354927835,0.056072517197684,0.09946154481648141,0.1951493630809269,0.5888923954345633,0.6294367551803589,0.0,3.0542173578691907,0.31867297887802126,0.403125,3.680493016506509,,,,,,5
gated,Gated,l1_coefficient,0.015,0.13510924417856493,1.1718067128909166,0.18909342885017394,0.18909342885017394,0.960337507724762,0.01500309370458126,0.1985804413395756,0.10670490507110819,0.1142110877234844,0.3862820965628079,0.06236774668225924,0.10710646489508377,0.1862851336337446,0.5867363874251927,0.6135504126548768,0.0,3.2470837223015168,0.3364503562450409,0.519140625,4.323495813714078,,,,,,5
gated,Gated,l1_coefficient,0.01,0.16347503305241462,1.1949325260779868,0.15691440999507905,0.15691440999507905,0.9724997520446778,0.010411555413156748,0.21963738125813936,0.12440658374129374,0.13274530446509544,0.377039400209064,0.0856337333846391,0.13921692529061963,0.1913296404313311,0.5954207639599565,0.6162984371185303,0.0,2.9084832045089493,0.3540047943592072,0.730859375,5.231201057677268,,,,,,5
gated,Gated,l1_coefficient,0.007,0.19075056213454503,1.203450833437776,0.13012191653251648,0.13012191653251648,0.9811491966247559,0.007155055832117796,0.24229120609596286,0.14082871502105648,0.14936918746137975,0.33285306354937527,0.09086482508374846,0.14002639228438882,0.17922883699189399,0.593258776422754,0.6054440379142761,0.0,4.118668521375534,0.37435043454170225,0.898828125,6.104017988305441,,,,,,5
gated,Gated,l1_coefficient,0.005,0.2270505494161644,1.2864535656562226,0.10781486928462983,0.10781486928462983,0.9870792150497436,0.00490283714607358,0.2710277921853124,0.152885295417316,0.16354728791535256,0.24330278515507828,0.1439947902604717,0.17950091152402708,0.16010361088208983,0.5651068420582874,0.5896147131919861,0.0,3.425219152838255,0.39276736974716187,1.933984375,7.265617581317261,,,,,,5
gated,Gated,l1_coefficient,0.003,0.2657094874475543,1.304616858254567,0.0941799134016037,0.0941799134016037,0.9901421427726745,0.003728917753323913,0.30124076899065355,0.17157271208672326,0.18157336955298975,0.24134493711131286,0.1836999701062621,0.2073266642327781,0.16836240204278244,0.5687976830900294,0.6208770871162415,0.0,4.939271038675331,0.41107454895973206,2.455859375,8.502703598321737,,,,,,5
gated,Gated,l1_coefficient,0.002,0.29854135010507293,1.308498747866041,0.07981624007225037,0.07981624007225037,0.9928991675376893,0.002685388457030058,0.3292785979480087,0.18349668900042554,0.19366229065438267,0.19236941416729014,0.1916036738343308,0.1906493453616201,0.15532499239068193,0.5564601511417895,0.6232911825180054,0.0,4.632698865430369,0.417584091424942,3.221484375,9.553323203362334,,,,,,5
gated,Gated,l1_coefficient,0.0015,0.3234007025413185,1.3728410758599427,0.07790310680866241,0.07790310680866241,0.9932823419570923,0.0025362185202538966,0.3492506689405566,0.18902406347136072,0.20041051339115662,0.18625133257526394,0.24138881817457136,0.20741845321024682,0.15623680729261616,0.5501000807587623,0.6081280469894409,0.0,1.3029530374663885,0.4317800164222717,4.3078125,10.348822481322191,,,,,,5
gated,Gated,l1_coefficient,0.001,0.34986924908801315,1.3966201337031632,0.07507831007242202,0.07507831007242202,0.9937177538871765,0.0023776410380378366,0.3693131508658126,0.19688317755513304,0.20724954826282754,0.16649239731803514,0.26597224968278776,0.2045397917316995,0.1592080018481489,0.5547934870587569,0.621268880367279,0.0,1.4347171540684194,0.45914432406425476,5.126953125,11.19581597081642,,,,,,5
gated,Gated,l1_coefficient,0.0007,0.3697205199477013,1.407900932437593,0.06827820092439651,0.06827820092439651,0.9947869658470154,0.001983513473533094,0.3862798506548971,0.19761015963458406,0.20919923282763678,0.1514055188464234,0.3071355246057204,0.20139143323524672,0.1512848896439226,0.5440541187427785,0.6054564237594604,0.0,4.0826498832004035,0.4617385447025299,6.5640625,11.83105663832644,,,,,,5
gated,Gated,l1_coefficient,0.0005,0.37006414682187294,1.3739339137921713,0.06574268937110901,0.06574268937110901,0.9951933145523071,0.0018155316822230816,0.38538170171445596,0.20103642015817033,0.21144993578557236,0.1546211875591515,0.28551422799111664,0.1982966800869868,0.16244219323012965,0.565385711668424,0.609754478931427,0.00625,4.392412968144037,0.45822311043739317,6.058984375,11.842052698299934,,,,,,5
gated,Gated,l1_coefficient,0.0003,0.38560326587978794,1.401893786020503,0.06599641665816307,0.06599641665816307,0.9951266407966614,0.001845708698965609,0.3991658202562299,0.20262344670031554,0.212861001794764,0.14115532209123208,0.3249454620582918,0.19663706563403077,0.15426135370351485,0.5499985614773282,0.6043089389801025,0.0,3.556377613853546,0.4723614096641541,7.384375,12.339304508153214,,,,,,5
gated,Gated,l1_coefficient,0.0002,0.3982950771684159,1.384288815771134,0.0656311795115471,0.0656311795115471,0.9952127456665039,0.0018078511580824851,0.40615971722703537,0.20444914396248634,0.21530867628873204,0.1500450701173198,0.3558776985357891,0.21099061807536618,0.1666827267728205,0.5801318517637819,0.6155990719795227,0.0,4.525572961642509,0.4772668182849884,7.637109375,12.745442469389308,,,,,,5
gated,Gated,l1_coefficient,1e-05,0.4060418618952909,1.4564207384820782,0.06677020490169525,0.06677020490169525,0.995044493675232,0.0018743291264399886,0.4164094727228516,0.20611205452903056,0.21696009738987235,0.13519330363873383,0.3410607051925516,0.1924449916267374,0.1486356270592124,0.5459915775615449,0.5981308221817017,0.0,4.651540441023093,0.4872000217437744,8.222265625,12.993339580649309,,,,,,5
gated,Gated,l1_coefficient,5e-05,0.4066407340155195,1.4551003650479502,0.0682042546570301,0.0682042546570301,0.9947428941726685,0.001986802089959383,0.4158272756271856,0.20629391363465516,0.21716585286807777,0.138794283534035,0.33584589963829176,0.19490989996419428,0.14836325545139373,0.5564433850514783,0.5968837976455689,0.0,6.625292830531447,0.4795385837554932,7.823046875,13.012503488496623,,,,,,5
gated,Gated,l1_coefficient,0.0001,0.40760955628169454,1.4594475934248103,0.06055470854043961,0.06055470854043961,0.9959431290626526,0.0015349155757576228,0.416971545186108,0.20261392463351777,0.2146719846553181,0.13525752315209352,0.35757459334531416,0.19585272512617286,0.14652596292978295,0.5494636858703299,0.6082633852958679,0.00625,4.1632773611161324,0.4773256182670593,8.498828125,13.043505801014225,,,,,,5
gated,Gated,l1_coefficient,3e-06,0.4108673917529089,1.429726573284786,0.058192060142755506,0.058192060142755506,0.9962445139884949,0.0014205637853592634,0.42010341940244444,0.20753952308367424,0.2185305433479244,0.13254661855464495,0.35348117142967234,0.19110379191661167,0.14845499304451898,0.5503456974114675,0.6044865012168884,0.0,5.959434340101262,0.4828750967979431,8.60546875,13.147756536093084,,,,,,5
gated,Gated,l1_coefficient,2e-05,0.4142148346887339,1.4656694976230589,0.05968007519841194,0.05968007519841194,0.9960555672645569,0.0014942779438570143,0.4218912598665227,0.20345134966151474,0.21434427062594374,0.13039131186488942,0.34977660638400127,0.18976909463763508,0.14915803377509546,0.5547825831425967,0.6045673131942749,0.0,4.85601547505635,0.4897815823554993,8.6109375,13.254874710039484,,,,,,5
gated,Gated,l1_coefficient,1e-06,0.41426377821774735,1.4299386517119475,0.06424218341708184,0.06424218341708184,0.9954147100448608,0.0017370998859405518,0.42175874307889105,0.20995204837688228,0.22085344622550598,0.14281051695764446,0.35362021553252965,0.2032366077373598,0.1579563943069905,0.5581559382815503,0.6090233325958252,0.0,2.195277819133938,0.4866486132144928,7.91953125,13.256440902967915,,,,,,5
gated,Gated,l1_coefficient,0.0,0.418571077530882,1.4464465483679514,0.06329773291945458,0.06329773291945458,0.9955744028091431,0.001675097644329071,0.4245022167938572,0.20688437296494716,0.21856379110711877,0.13837796495557075,0.3858594614105165,0.2025749929995695,0.1591869046528288,0.5595103646420032,0.6021445274353028,0.0,4.695175446676499,0.48760610818862915,9.069921875,13.394274480988225,,,,,,5
l1,L1-ReLU,l1_coefficient,1.0,0.02491455078125,0.7558613156221969,0.6244145035743713,0.6244145035743713,0.5675699353218079,0.16383382976055144,0.0896240234375,0.0,0.024051642417907713,0.711237654303963,0.17723290173446488,0.2835874723699052,0.20919288132465796,0.5846205247272989,0.8185836791992187,0.2,0.1384886468109901,0.029987109825015068,0.797265625,0.797265625,0.038037109375,0.09005126953125,0.03610959053039551,0.280731064081192,0.038037109375,5
l1,L1-ReLU,l1_coefficient,0.3,0.06334228515625,0.5388657901154572,0.36067203879356385,0.36067203879356385,0.8564100742340088,0.054352405667304995,0.0795166015625,0.0,0.05883095264434814,0.6641679283366487,0.41898322883976596,0.513220535238869,0.3361616951946304,0.6976262531498406,0.9328687787055969,0.025,0.39113948426876977,0.06714981496334076,2.026953125,2.026953125,0.1018798828125,0.09617919921875,0.09034843444824218,0.23755636513233186,0.1018798828125,5
l1,L1-ReLU,l1_coefficient,0.1,0.14888916015625,0.6791659385866182,0.2107484072446823,0.2107484072446823,0.9508819222450257,0.018578555062413217,0.1349365234375,0.0,0.12460558414459229,0.3842208157937508,0.5695444514159507,0.45846755816097995,0.26206291913420665,0.7337379055096742,0.8319118022918701,0.0,0.8685570622136677,0.10680377036333084,4.764453125,4.764453125,0.25404052734375,0.2142822265625,0.18617775440216064,0.16422822773456575,0.25404052734375,5
l1,L1-ReLU,l1_coefficient,0.03,0.25333251953125,0.8976206320694862,0.09597999900579453,0.09597999900579453,0.9898007154464722,0.003863500477746129,0.23388671875,0.0,0.18419935703277587,0.236074604144649,0.5967363412566803,0.33828245047964206,0.1817862711758104,0.6908284963561254,0.6959238290786743,0.0,0.9878219517522313,0.15390279591083528,8.106640625,8.106640625,0.43358154296875,0.387353515625,0.24115478992462158,0.14344351589679719,0.43358154296875,5
l1,L1-ReLU,l1_coefficient,0.01,0.32999267578125,1.0114177543781215,0.06796776205301285,0.06796776205301285,0.9948562979698181,0.0019463406410068274,0.307958984375,0.0,0.21028468608856202,0.1850166260317952,0.61021798586063,0.283832234774635,0.15210922152259765,0.6556948118109913,0.6434742093086243,0.0,1.2056033160931456,0.1886927843093872,10.559765625,10.559765625,0.570703125,0.52391357421875,0.22410664558410645,0.13656400442123412,0.570703125,5
l1,L1-ReLU,l1_coefficient,0.001,0.333154296875,1.2830700599459122,0.062413514405488965,0.062413514405488965,0.9956226944923401,0.0016539643285796047,0.31741943359375,0.0,0.18545455932617189,0.17395587922027042,0.5778704932738108,0.26721771286620954,0.14292932441620182,0.6359922971993631,0.6002859354019165,0.00625,2.880050947577882,0.3616566061973572,10.6609375,10.6609375,0.80184326171875,0.7333740234375,0.0673781156539917,0.3918356657028198,0.80184326171875,5
l1,L1-ReLU,l1_coefficient,0.0003,0.36494140625,1.522326998192995,0.0607960470020771,0.0607960470020771,0.9958584427833557,0.00156377456150949,0.35164794921875,0.0,0.17941417694091796,0.15639562116860828,0.5665157500121137,0.24474836763122298,0.1319459280351452,0.6119901530456582,0.5824884533882141,0.0,3.4769261408505665,0.4551378726959229,11.678125,11.678125,0.80208740234375,0.7372314453125,0.038094496726989745,0.4777034103870392,0.80208740234375,5
l1,L1-ReLU,l1_coefficient,3e-07,0.3813232421875,1.7096255540801075,0.05580780878663063,0.05580780878663063,0.9964183330535888,0.0013456891058012844,0.36927490234375,0.0,0.1816488742828369,0.14788720911793768,0.5603544356735125,0.23373152417945758,0.12705078808580522,0.5994861031605874,0.5807319045066833,0.0125,6.444428743051384,0.5383801221847534,12.20234375,12.20234375,0.79852294921875,0.73623046875,0.028571534156799316,0.5675388634204864,0.79852294921875,5
l1,L1-ReLU,l1_coefficient,1e-05,0.39833984375,1.6782622178156141,0.06087851747870445,0.06087851747870445,0.9957493782043457,0.0016005421988666058,0.38052978515625,0.0,0.16965103149414062,0.14856477606471868,0.5885673394012463,0.23692449773995441,0.1284707895585698,0.6056914721021599,0.5787834405899048,0.00625,3.3192411609541908,0.5325655937194824,12.746875,12.746875,0.801123046875,0.73736572265625,0.03425579071044922,0.5360175728797912,0.801123046875,5
l1,L1-ReLU,l1_coefficient,1e-06,0.40010986328125,1.7084234907047968,0.05584603548049927,0.05584603548049927,0.9965290784835815,0.0013118244241923094,0.3826904296875,0.0,0.18782894611358641,0.1474539487833984,0.5865940901618567,0.2353535623805833,0.12787138880367688,0.6036339466415919,0.5644927382469177,0.00625,2.7207159221654735,0.5475469470024109,12.803515625,12.803515625,0.8351806640625,0.76705322265625,0.032448101043701175,0.5479002714157104,0.8351806640625,5
l1,L1-ReLU,l1_coefficient,3e-06,0.40048828125,1.7226287703114864,0.06361639574170112,0.06361639574170112,0.9954061508178711,0.0017318720929324627,0.38646240234375,0.0,0.18130288124084473,0.14253855387110498,0.5697436537316107,0.2279452285190186,0.12440726466093084,0.5940573060293957,0.5840644359588623,0.0,2.7650750406799074,0.5498603761196137,12.815625,12.815625,0.82706298828125,0.759912109375,0.028095221519470213,0.5485672950744629,0.82706298828125,5
l1,L1-ReLU,l1_coefficient,0.003,0.40423583984375,1.1251846989517624,0.06915131583809853,0.06915131583809853,0.994470739364624,0.0020890334621071816,0.374267578125,0.0,0.2045490026473999,0.16205721769773926,0.6491784712681348,0.25897047308806104,0.1403429813557342,0.6360894727783803,0.6064836025238037,0.00625,3.770558424733808,0.26800066232681274,12.935546875,12.935546875,0.73580322265625,0.6751953125,0.1271362543106079,0.19795310199260713,0.73580322265625,5
l1,L1-ReLU,l1_coefficient,1e-07,0.4075439453125,1.67131638691104,0.0624536357820034,0.0624536357820034,0.995602011680603,0.0016649517929181457,0.38624267578125,0.0,0.1814267158508301,0.1501123699965494,0.6062119175115084,0.24031918460794027,0.1305315657087797,0.610403538471473,0.5809274673461914,0.00625,6.090146174903424,0.5382216691970825,13.04140625,13.04140625,0.83212890625,0.76314697265625,0.028824853897094726,0.533934211730957,0.83212890625,5
l1,L1-ReLU,l1_coefficient,0.0001,0.4287353515625,1.614566277611468,0.06257174536585808,0.06257174536585808,0.9955705285072327,0.001671255170367658,0.41158447265625,0.0,0.16264839172363282,0.1384794457835453,0.5848525774371962,0.2233726588148023,0.12261840752492748,0.5867456231276893,0.5950941801071167,0.0,3.7278155059481457,0.4912037909030914,13.71953125,13.71953125,0.803173828125,0.74288330078125,0.04475436210632324,0.4495450735092163,0.803173828125,5
l1,L1-ReLU,l1_coefficient,3e-05,0.45323486328125,1.6941298270830412,0.05438980534672737,0.05438980534672737,0.9967087984085083,0.0012438648380339145,0.432861328125,0.0,0.16550285816192628,0.13781373104501077,0.6024579227111818,0.22227964747569479,0.12172470153735035,0.582961037508164,0.5813937544822693,0.00625,1.1375217681628533,0.5335671663284302,14.503515625,14.503515625,0.8078857421875,0.74393310546875,0.03376979827880859,0.48774911761283873,0.8078857421875,5
topk,TopK,k,1.0,0.03125,0.9683320903244377,0.6749413847923279,0.6749413847923279,0.4957447052001953,0.19143623113632202,0.10189208984375,0.0,0.028309345245361328,0.472265625,0.1474368417941252,0.22470437531728696,0.15566629505702217,0.5645544880000385,0.646433699131012,0.59375,0.577568666431339,0.04831379055976868,1.0,1.0,,,,,,5
topk,TopK,k,2.0,0.0625,0.8913522526280655,0.5210695445537568,0.5210695445537568,0.6997439742088318,0.11387664526700973,0.10487060546875,0.0,0.05461630821228027,0.4623046875,0.28876109033358854,0.3554529933105465,0.2053348058977554,0.6257061154010182,0.7246374487876892,0.40625,1.478667523074612,0.07302830815315246,2.0,2.0,,,,,,5
topk,TopK,k,3.0,0.09375,0.8651614346633378,0.4125075161457062,0.4125075161457062,0.8114964842796326,0.07135577574372291,0.11678466796875,0.0,0.07863883972167969,0.411328125,0.3855858359196988,0.3980057015661722,0.22145539398872222,0.6621246744620419,0.7692847609519958,0.3,0.8719651967043799,0.0898586392402649,3.0,3.0,,,,,,5
topk,TopK,k,4.0,0.125,0.8086656515618756,0.34857240319252014,0.34857240319252014,0.8658163547515869,0.05073869824409485,0.13250732421875,0.0,0.10164794921875,0.37060546875,0.46245345880934785,0.4114337529063851,0.2260540153857203,0.6875122179073674,0.7866670727729798,0.16875,1.499833731447945,0.1026358187198639,4.0,4.0,,,,,,5
topk,TopK,k,5.0,0.15625,0.9001091723746615,0.309653502702713,0.309653502702713,0.8941192507743836,0.04012568071484566,0.16368408203125,0.0,0.11796903610229492,0.29671875000000003,0.46325703816396596,0.36170969990902657,0.19209683480501077,0.6705675267091988,0.7262377262115478,0.20625,1.21431907126288,0.11982235312461853,5.0,5.0,,,,,,5
topk,TopK,k,6.0,0.1875,0.9157152668914449,0.27032856941223143,0.27032856941223143,0.9192560315132141,0.03058997094631195,0.18536376953125,0.0,0.1344963550567627,0.2727864583333333,0.5109686790078357,0.35565673154939725,0.18897587467295493,0.6797185143577034,0.725306761264801,0.1125,1.1282574624889323,0.1313797190785408,6.0,6.0,,,,,,5
topk,TopK,k,7.0,0.21875,1.033898301008645,0.2495519131422043,0.2495519131422043,0.9312614560127258,0.02602579817175865,0.22235107421875,0.0,0.14996161460876464,0.220703125,0.48189725138674955,0.3027280047748676,0.1585588363342333,0.6462271049798117,0.6793709397315979,0.0875,1.0738322791986366,0.14717882573604585,7.0,7.0,,,,,,5
topk,TopK,k,8.0,0.25,1.0121130588640725,0.2152121216058731,0.2152121216058731,0.9488314151763916,0.0193597000092268,0.24576416015625,0.0,0.16312737464904786,0.2087890625,0.5211178662440829,0.2981086088691659,0.1573844138774283,0.6506500118251511,0.6509391069412231,0.05625,1.0665830010890776,0.15757688581943513,8.0,8.0,,,,,,5
topk,TopK,k,9.0,0.28125,1.074352012192238,0.18929157555103301,0.18929157555103301,0.9603806972503662,0.015025343745946884,0.27608642578125,0.0,0.16669988632202148,0.18723958333333332,0.525667433696742,0.27610597443719154,0.14625581650667457,0.6358188161863235,0.638699746131897,0.03125,1.3418933841242577,0.17244925796985627,9.0,9.0,,,,,,5
topk,TopK,k,10.0,0.3125,1.1581401275843728,0.15754406452178954,0.15754406452178954,0.9725311160087585,0.010405573435127735,0.31495361328125,0.0,0.17203068733215332,0.15632812499999998,0.48731400960219046,0.23670370415894526,0.12816541276061458,0.5971634552388709,0.5972776055335999,0.0125,1.522164909325466,0.18877267837524414,10.0,10.0,,,,,,5
topk,TopK,k,11.0,0.34375,1.1964379554447802,0.13129375278949737,0.13129375278949737,0.9809034585952758,0.007236700039356947,0.34227294921875,0.0,0.1742607593536377,0.1478338068181818,0.5074576779666087,0.22895113603891531,0.12438794717209882,0.5909599475119192,0.5808718085289002,0.01875,1.1207701594680746,0.20528150200843812,11.0,11.0,,,,,,5
topk,TopK,k,12.0,0.375,1.2355379144743144,0.11646146476268768,0.11646146476268768,0.9848985195159912,0.0057119326665997505,0.36917724609375,0.0,0.16175880432128906,0.14130859375,0.5281443025617432,0.22295001906548845,0.12265196252105137,0.5851526022835822,0.5834899425506592,0.025,2.3993450497239293,0.22983294129371643,12.0,12.0,,,,,,5
topk,TopK,k,13.0,0.40625,1.286568775783762,0.09257738143205643,0.09257738143205643,0.9904653429985046,0.0035968538373708724,0.40653076171875,0.0,0.16450924873352052,0.12292668269230769,0.49838624689100974,0.19720058564221982,0.11160884914966593,0.5512091766965765,0.5544843316078186,0.025,0.6408243012514518,0.24063069224357606,13.0,13.0,,,,,,5
topk,TopK,k,14.0,0.4375,1.3863895573885263,0.08755398988723755,0.08755398988723755,0.9914301633834839,0.0032566103851422667,0.43431396484375,0.0,0.14034490585327147,0.11810825892857142,0.516094116892115,0.19221536186665636,0.10951985001479095,0.5436596237408367,0.5604209423065185,0.00625,1.5768625734301271,0.2747753918170929,14.0,14.0,,,,,,5
topk,TopK,k,15.0,0.46875,1.466222954437132,0.07335750609636307,0.07335750609636307,0.9939676523208618,0.0022896007169038056,0.46446533203125,0.0,0.12800440788269044,0.11140625,0.5219695358341603,0.1836118353327756,0.10660754155943078,0.5295359324176859,0.5609391927719116,0.00625,1.7542951176102424,0.3068964421749115,15.0,15.0,,,,,,5
topk,TopK,k,16.0,0.5,1.5102850707241025,0.07276994809508323,0.07276994809508323,0.9940062403678894,0.002252096892334521,0.49019775390625,0.0,0.12000970840454102,0.1099609375,0.5488487106337515,0.18320666769776467,0.10577957307452232,0.527148276521612,0.5639810919761657,0.0,1.6189396470187076,0.3292406439781189,16.0,16.0,,,,,,5
vgsae,VG-SAE,gamma,12.0,0.0032630922781440043,0.9484469576534735,0.8821442484855652,0.8821442484855652,0.13989166021347046,0.3262390851974487,0.09986832213836289,0.0019307752275511659,0.003234281953579405,0.8183997531365952,0.013702615955600675,0.02689733239027674,0.1745123348890171,0.5115854415621208,0.6085399508476257,0.0,0.020551152022644795,0.007487124484032393,0.053125,0.10441895290060814,,,,,,5
vgsae,VG-SAE,gamma,10.0,0.005477790032711559,0.9357324507090524,0.8456326127052307,0.8456326127052307,0.20880503654479982,0.3002247393131256,0.0996953492506368,0.0029662493999751765,0.00540090151105392,0.7657810722629464,0.023840117800255967,0.04609206850642189,0.19155736564274298,0.5277942689912776,0.6199374079704285,0.0,0.03593784457285509,0.011864910088479518,0.099609375,0.17528928104676988,,,,,,5
vgsae,VG-SAE,gamma,9.0,0.009237253328871809,0.9127705851690611,0.7959583759307861,0.7959583759307861,0.2979719042778015,0.266431725025177,0.09914867803740215,0.0044699518779119166,0.00905609016926358,0.7159804582210242,0.04258674024708352,0.08013316502058072,0.23172968941058708,0.5685579123115195,0.6740679979324341,0.0,-0.013622700567189061,0.019559722393751144,0.188671875,0.2955921065238979,,,,,,5
vgsae,VG-SAE,gamma,8.0,0.014977236518698783,0.8831030974455624,0.7255805611610413,0.7255805611610413,0.4125825524330139,0.22327060699462892,0.09798077582051509,0.006453348180986654,0.014547441874307131,0.7172366017479984,0.07478325487811635,0.13512160989324398,0.27477514066071584,0.6060718967854565,0.7211965441703796,0.0,0.15267039483052874,0.02993478700518608,0.33203125,0.47927156859836106,,,,,,5
vgsae,VG-SAE,gamma,7.0,0.024716215156555008,0.8390757916165011,0.6017632126808167,0.6017632126808167,0.5985897302627563,0.15226085036993026,0.09754101959675313,0.009740493127246707,0.023702308112371572,0.6677852044733743,0.12093928384896664,0.20436233296315387,0.31804936347690665,0.6521787318181236,0.7512023329734803,0.0,0.23401946778108554,0.04417028576135636,0.5765625,0.7909188850097602,,,,,,5
vgsae,VG-SAE,gamma,6.0,0.035336807249804925,0.7940108679845663,0.5221888482570648,0.5221888482570648,0.6987912058830261,0.11411045044660569,0.09732095167315524,0.013414793156295873,0.03345087497379467,0.67378122991065,0.17701992013202497,0.2801010569128704,0.34923521699851146,0.673521260910159,0.7987820148468018,0.0,0.36729332184829905,0.056064410507678984,0.84609375,1.1307778319937574,,,,,,5
vgsae,VG-SAE,gamma,5.0,0.05239774804321784,0.7387975375026751,0.43755385279655457,0.43755385279655457,0.7885353803634644,0.08004028946161271,0.09881561946576305,0.01882603476092846,0.048680784497867426,0.6352094369735344,0.25149397862252404,0.36006920077179466,0.3949421532248336,0.7188119675627671,0.8378709554672241,0.0,0.5407149165530588,0.07027712762355805,1.271484375,1.6767279373829713,,,,,,5
vgsae,VG-SAE,gamma,4.0,0.07476884769343156,0.6643923237231308,0.3787413477897644,0.3787413477897644,0.8415017247200012,0.05998750478029251,0.10341674589675827,0.027315970662672846,0.06807502689483398,0.6110075431357899,0.33903439901707394,0.43575622871885045,0.44293054744260757,0.7707751911507705,0.8838685750961304,0.0,0.5338654837029808,0.0815263032913208,1.7828125,2.39260312618981,,,,,,5
vgsae,VG-SAE,gamma,3.5,0.08739772627746338,0.6570658084730866,0.36694611310958863,0.36694611310958863,0.8508393883705139,0.05629624351859093,0.10865642208686921,0.03286668523307849,0.07846395410623172,0.5962685954513798,0.3764358795448727,0.46024822090098894,0.4556505368159921,0.7849571914725069,0.8807294726371765,0.0,0.7340428841407153,0.08744960874319077,2.046484375,2.796727240878828,,,,,,5
vgsae,VG-SAE,gamma,3.0,0.10416358817571854,0.61861453849459,0.3483585715293884,0.3483585715293884,0.8659451365470886,0.05071865618228912,0.11725774083775056,0.04037323210917976,0.09200422667472252,0.5574296367856435,0.41602665841478526,0.47598737320126705,0.45997126948608996,0.790166168978906,0.8969991326332092,0.0,0.7637016193226827,0.09092207700014114,2.399609375,3.3332348216229932,,,,,,5
vgsae,VG-SAE,gamma,2.5,0.12874440274564308,0.6191486347974232,0.33730647563934324,0.33730647563934324,0.8740885138511658,0.04756135791540146,0.13281821354812803,0.05183467949891586,0.1105651248340799,0.5151620454025955,0.460126114709012,0.4854024718967958,0.45560434266050154,0.7968438321864454,0.8968596816062927,0.0,0.710522601035225,0.09783858805894852,2.871484375,4.119820887860579,,,,,,5
vgsae,VG-SAE,gamma,2.0,0.16925761523988808,0.6492746764046865,0.3148824334144592,0.3148824334144592,0.8904180765151978,0.04143394753336906,0.16372986109929388,0.07233083306436298,0.13880815185873682,0.45519864178553,0.5081865694951735,0.4798364389120481,0.439297365500421,0.7950064841977065,0.8826160669326782,0.0,0.8798620617016535,0.10620741844177246,3.584765625,5.416243687676418,,,,,,5
vgsae,VG-SAE,gamma,1.75,0.2062126061455706,0.7258004875005053,0.2969497084617615,0.2969497084617615,0.9026158332824707,0.03686690106987953,0.196088339443298,0.08825801107186572,0.16131853120195838,0.39581424838518187,0.5259184060925518,0.45150805951186285,0.395785087049947,0.787305784324532,0.8312004089355469,0.0,0.8508640094110081,0.11803316473960876,4.266015625,6.598803396658259,,,,,,5
vgsae,VG-SAE,gamma,1.5,0.2371049779265828,0.7014177563394602,0.3011297285556793,0.3011297285556793,0.8994745135307312,0.03793778344988823,0.22147834819605383,0.10442963231717087,0.17898793560693776,0.3751958385512839,0.5599990181504788,0.44901942068912365,0.39859646070947824,0.783196909395084,0.8567939400672913,0.0,1.2210677978670947,0.12071168273687363,4.8015625,7.58735929365065,,,,,,5
vgsae,VG-SAE,gamma,1.25,0.28691286388145204,0.8503499044701485,0.29560515880584715,0.29560515880584715,0.9033842444419861,0.036587676405906676,0.2711623270773044,0.12389930880932531,0.20223798694774925,0.3069430456012739,0.5547556602426872,0.39513253798678727,0.3288082432512184,0.746993011995202,0.790040385723114,0.0,1.3693159612837345,0.13515423536300658,5.79921875,9.181211644206464,,,,,,5
vgsae,VG-SAE,gamma,1.0,0.3394889061078533,0.8279921924141076,0.2863888621330261,0.2863888621330261,0.9091806054115296,0.034340477734804156,0.31349911560731225,0.1439712933932158,0.22205391268198804,0.28369540438857344,0.6070254821695328,0.38643467539547427,0.33703723907327526,0.7614320277304085,0.7853024482727051,0.0,1.3045097458078305,0.14467256665229797,6.8921875,10.863644995451306,,,,,,5
vgsae,VG-SAE,gamma,0.75,0.399358785111236,0.8514573232378041,0.2837401211261749,0.2837401211261749,0.9108981013298034,0.03371555209159851,0.36528465933052573,0.16146866684982503,0.2378029103421894,0.24687564356909042,0.6558826379456834,0.3586416335164705,0.3204315825434517,0.7606976263464895,0.7604002833366394,0.0,1.508276530480494,0.1554718405008316,8.52421875,12.77948112355955,,,,,,5
vgsae,VG-SAE,gamma,0.5,0.4680314410593772,0.9223534560678196,0.28733370900154115,0.28733370900154115,0.908464503288269,0.03469640761613846,0.43009046920630717,0.17396258489602096,0.2469079941980894,0.19944386613825255,0.6877588274706407,0.3091991023174449,0.2832482774513322,0.7306609111269335,0.7197509050369263,0.0,1.5242009098821374,0.1708316147327423,11.05078125,14.977006113900071,,,,,,5
vgsae,VG-SAE,gamma,0.35,0.5217215616617422,1.2403760523333058,0.27743999361991883,0.27743999361991883,0.9145919561386109,0.032298294082283976,0.4775187343217217,0.1772624630854608,0.24314733363702185,0.16685249264638022,0.7386189281894021,0.27216343168545165,0.2459845121720826,0.7179293009711853,0.7038295269012451,0.0,2.050284707782807,0.22499857544898988,14.20078125,16.69508997317575,,,,,,5
vgsae,VG-SAE,gamma,0.25,0.5530623873477204,1.4603256673845788,0.28144055008888247,0.28144055008888247,0.9120463252067565,0.033284250646829605,0.5023616990105257,0.17861871676667831,0.23896791078849117,0.15704124991695084,0.8041756604673342,0.2627246220696959,0.22680249093067512,0.7326088643081727,0.7094350337982178,0.0,1.950695367922286,0.25576327443122865,16.42578125,17.697996395127053,,,,,,5
vgsae,VG-SAE,gamma,0.125,0.6006941437438194,1.6078313238533688,0.26561803221702573,0.26561803221702573,0.922025203704834,0.029532453045248985,0.5467533173019063,0.17397269056888442,0.23028845586480956,0.13196510909358103,0.830661793898628,0.22767262792766899,0.20369270126296352,0.7074283018472037,0.6721303224563598,0.0,2.027565929196825,0.2943378150463104,20.214453125,19.22221259980222,,,,,,5
vgsae,VG-SAE,gamma,0.0,0.6549605518354833,1.893245094395565,0.2589560240507126,0.2589560240507126,0.9256345391273498,0.028193825110793113,0.5977887666171001,0.1656350414513448,0.21310772704737388,0.1147202797797732,0.8495792457979027,0.20211845511031806,0.1743650665487677,0.6721928209043946,0.645078182220459,0.0,3.6341324452215895,0.36803314089775085,23.744140625,20.958737658735465,,,,,,5
vgsae,VG-SAE,gamma,-0.1,0.7109806823047442,2.0525955466594032,0.23917992115020753,0.23917992115020753,0.9360851287841797,0.024254169128835202,0.649330045326382,0.14914840969838294,0.1874558773286709,0.10685162295479003,0.8764596165630607,0.19042261963566853,0.16704983018159333,0.6430516533123626,0.6192999958992005,0.0,3.0561369995833934,0.4295647919178009,26.3453125,22.751381833751815,,,,,,5
vgsae,VG-SAE,gamma,-0.2,0.8016463520643524,2.6072993518241026,0.18594759702682495,0.18594759702682495,0.9597755193710327,0.015395576320588588,0.7342133885721228,0.1086577527558525,0.13134981805207363,0.10026623114505633,0.8985575664991738,0.1803809537784547,0.13830455536517267,0.571595254071485,0.5799025535583496,0.0,4.441014430391149,0.6580100238323212,28.7421875,25.652683266059277,,,,,,5
vgsae,VG-SAE,gamma,-0.4,0.8320586676826182,3.47143610075857,0.10185293853282928,0.10185293853282928,0.9883648157119751,0.004383992403745651,0.7598309164994206,0.09638046580966182,0.10930038932512871,0.100336784352228,0.9365041089328253,0.18124922335839158,0.1303355309153138,0.5567303285767009,0.5744197964668274,0.0,7.621268822126505,1.026126003265381,29.916796875,26.62587736584378,,,,,,5
vgsae,VG-SAE,gamma,-0.3,0.8327259669151793,3.253454118740906,0.12681237757205963,0.12681237757205963,0.9817439913749695,0.0069515850394964215,0.7603187818196169,0.09241048199338571,0.10766084525756656,0.10013203989936618,0.919905659572702,0.18059932533702028,0.1302131908464329,0.5559296380159172,0.5737031698226929,0.0,6.948404630707134,0.9319240689277649,29.444921875,26.647230941285738,,,,,,5
vgsae,VG-SAE,gamma,-0.5,0.857020446687676,3.478505984835702,0.09931889176368713,0.09931889176368713,0.9882470846176148,0.004469411354511977,0.7815701771357624,0.0853010069697735,0.09585139975102032,0.09959009440546834,0.9491157746826497,0.18025523221610124,0.13187922620363918,0.5533778252644272,0.5870976209640503,0.0,6.766161880608513,1.0579999208450317,30.54296875,27.42465429400563,,,,,,5
vgsae,VG-SAE,gamma,-0.6,0.8791403839620784,3.3961938364208826,0.08796378821134568,0.08796378821134568,0.9914097309112548,0.003242142405360937,0.7992270719773273,0.0751819612818944,0.08401889528419562,0.09988478037794409,0.9683450109056759,0.1810836796349343,0.13558198437380584,0.5629114298157136,0.5909910798072815,0.0,8.003562864234633,1.046960711479187,31.072265625,28.13249228678651,,,,,,5
vgsae,VG-SAE,gamma,-0.7,0.8855638979736483,3.4486299276210475,0.08019123673439026,0.08019123673439026,0.9927834272384644,0.002717870520427823,0.804003332929247,0.0744861380038059,0.08234002336344787,0.10043874182780795,0.9813808715757583,0.18221955096042086,0.12934289867991358,0.5582773075892428,0.592690896987915,0.0,9.620564603576401,1.0687246799468995,31.3171875,28.338044735156746,,,,,,5
vgsae,VG-SAE,gamma,-0.8,0.9115802359680856,3.3677368546351794,0.08071831613779068,0.08071831613779068,0.9927558064460754,0.0027482847683131693,0.827214189456663,0.06016617867224082,0.06610151200125411,0.09966793533446372,0.9825374557259682,0.18097329079290392,0.12655288472451912,0.5491540662066225,0.587388563156128,0.0,15.400398022353846,1.0569228529930115,31.59609375,29.17056755097874,,,,,,5
vgsae,VG-SAE,gamma,-0.9,0.9288800004899486,3.261670225779801,0.08031820356845856,0.08031820356845856,0.9928023219108582,0.0027103429194539784,0.840148539633151,0.04973847857762079,0.054279162395655646,0.10030250064567067,0.9930248593821865,0.18219594313945328,0.12966021721370946,0.5556194549951304,0.5821670889854431,0.0,6.930064665488311,1.0329922199249268,31.732421875,29.724160015678354,,,,,,5
vgsae,VG-SAE,gamma,-1.0,0.9482713984034945,3.1818896349984818,0.07064460664987564,0.07064460664987564,0.9944424986839294,0.0020925967721268533,0.8572349551308889,0.03774330118831863,0.040587341475512725,0.10015476426528622,0.99635522801325,0.18200729920003897,0.12778348801183298,0.5512452591140818,0.58170645236969,0.0,7.650360423223269,1.0236408352851867,31.88515625,30.344684748911824,,,,,,5
