seed,coherence,beta,gamma,model_matched,exact_expected_l0,mf_expected_l0,exact_negative_log_evidence,exact_count_variance,exact_entropy,exact_pair_covariance,mf_reverse_kl,mf_marginal_mse,converged_fraction,max_residual,response_identity_max_error,free_energy_identity_max_error,orthogonal_marginal_max_error,exact_brier,exact_marginal_nll,exact_support_f1,mf_brier,mf_marginal_nll,mf_support_f1
2403,0.0,2.0,-2.0,False,4.59271666892495,4.5927166689249495,7.7780316137875225,0.9434637396459814,2.8692357040183847,-5.421010862427522e-18,-4.510281037539698e-16,9.464741970448022e-32,1.0,2.220446049250313e-16,8.49468051455915e-10,3.0101789116887545e-15,9.992007221626409e-16,,,,,,
2403,0.0,2.0,0.0,False,2.3115209088620476,2.3115209088620476,6.140192333093589,1.1210566398303463,3.336605343806891,-7.779150587583494e-18,2.3592239273284576e-16,2.727460359067926e-32,1.0,1.1102230246251565e-16,9.20504561463531e-10,2.4515979524242226e-15,7.771561172376096e-16,,,,,,
2403,0.0,2.0,1.0986122886681098,False,1.2483155089407556,1.2483155089407558,5.629565125138807,0.7945118456979149,2.5270852050958816,8.1349044254303e-18,2.2898349882893854e-16,1.601960566649011e-32,1.0,1.1102230246251565e-16,7.940279544982332e-10,1.9497478718349948e-15,7.771561172376096e-16,,,,,,
2403,0.0,2.0,2.0,False,0.6653576985758309,0.6653576985758309,5.50781285529819,0.5045937867334489,1.7332763683118666,1.2366681029912785e-18,-3.5388358909926865e-16,7.737648462828178e-33,1.0,1.1102230246251565e-16,4.2583270243312654e-10,2.3422663277244266e-15,5.551115123125783e-16,,,,,,
2403,0.0,2.0,4.0,False,0.11819683582512708,0.118196835825127,5.507831034834605,0.11132811850722346,0.5037079646364799,-1.2132423480437768e-19,-2.0816681711721685e-17,2.3359253537754286e-33,1.0,4.163336342344337e-17,2.886203498420059e-10,2.3805490008620993e-15,3.469446951953614e-16,,,,,,
2403,0.0,8.0,-2.0,False,2.544799299695713,2.544799299695713,9.424183987717598,0.47738351521601535,1.5449556176446604,4.301921520426981e-18,1.9081958235744878e-16,8.169048816407717e-32,1.0,2.220446049250313e-16,6.007967456866936e-10,4.473495048277821e-15,1.2212453270876722e-15,,,,,,
2403,0.0,8.0,0.0,False,1.747125985133104,1.7471259851331042,5.0628608775525965,0.3273859646466797,1.1022613450981984,-1.4928213300757277e-18,8.673617379884035e-17,2.939171439938866e-32,1.0,1.1102230246251565e-16,3.8614000885672795e-10,1.7771619771349356e-15,8.881784197001252e-16,,,,,,
2403,0.0,8.0,1.0986122886681098,True,1.4209016597861066,1.4209016597861068,4.364500834223339,0.269914110555552,0.9177564281971786,2.6019974862913706e-17,2.445960101127298e-16,2.245095808645282e-32,1.0,8.326672684688674e-17,3.1444358228327474e-10,1.8072927227808906e-15,9.992007221626409e-16,0.04292756259625075,0.14393953960484382,0.8670520186424255,0.042927562596250766,0.14393953960484382,0.8670520186424255
2403,0.0,8.0,2.0,False,1.192719036420578,1.192719036420578,4.575812385727154,0.23873533902934563,0.8097979774377363,7.015347367723323e-18,-1.5785983631388945e-16,2.5806805906557224e-32,1.0,4.163336342344337e-17,4.6356429805882726e-10,2.195324746100645e-15,9.992007221626409e-16,,,,,,
2403,0.0,8.0,4.0,False,0.7561590243530079,0.7561590243530077,5.86013027505938,0.20209001210154692,0.6625988153269933,9.153185526995352e-18,3.509020331249335e-16,3.0927911060507245e-32,1.0,2.220446049250313e-16,4.965610145291066e-10,3.7542753199025126e-15,1.1102230246251565e-15,,,,,,
2403,0.0,32.0,-2.0,False,1.8197355046738442,1.8197355046738444,12.897347401864034,0.07730599338550945,0.25972522957409855,-3.2339517840359877e-18,2.0469737016526324e-16,1.3157342459629497e-31,1.0,4.0245584642661925e-16,3.6172709272364045e-10,8.000565893352648e-15,2.1094237467877974e-15,,,,,,
2403,0.0,32.0,0.0,False,1.6594885522353444,1.6594885522353446,7.7757753003180206,0.08236882335442897,0.2651067101911617,8.640373629502809e-18,7.719519468096792e-17,6.225132438195544e-32,1.0,2.498001805406602e-16,2.0447279980295718e-10,4.507238017498383e-15,1.6653345369377348e-15,,,,,,
2403,0.0,32.0,1.0986122886681098,False,1.57004263712886,1.5700426371288603,7.116686051034041,0.0794032663934261,0.2554610060652217,1.345601648806025e-17,1.249000902703301e-16,5.417311529740094e-32,1.0,9.71445146547012e-17,3.6512992629411656e-10,6.967132912678329e-15,1.6653345369377348e-15,,,,,,
2403,0.0,32.0,2.0,False,1.501070590544942,1.5010705905449417,7.535879642409513,0.07334602101233215,0.23868179914343174,2.1063890967565042e-17,7.697835424647081e-18,7.490593772942293e-32,1.0,7.632783294297951e-17,2.7466906526996127e-10,4.4026468738137295e-15,1.5543122344752192e-15,,,,,,
2403,0.0,32.0,4.0,False,1.369312567598157,1.369312567598157,9.748532037497739,0.058049419768926136,0.1932085050646592,-1.2763548638008837e-18,2.7664773683683253e-16,1.0240449665056535e-31,1.0,2.3852447794681098e-18,3.2899682977927114e-10,7.408126015634485e-15,1.6653345369377348e-15,,,,,,
2403,0.7,2.0,-2.0,False,4.369051070822772,4.380605564292577,8.070709234277267,0.9187962568936006,3.0188719185733954,-0.05081822149200858,0.036370245627396956,4.3462543369526435e-05,1.0,9.906336861931209e-10,7.038920557533856e-10,3.7192471324942744e-15,,,,,,,
2403,0.7,2.0,0.0,False,2.2545768044228276,2.2430738023013808,6.128569740000954,1.0271783961947933,3.3058269667844487,-0.047117934334544996,0.033790887701066384,5.49123905312403e-05,1.0,9.746908280483524e-10,7.162377357872174e-10,2.3800406090401793e-15,,,,,,,
2403,0.7,2.0,1.0986122886681098,False,1.2677690648766071,1.2558502361995407,5.602588590608367,0.7516170703806864,2.5401302727548876,-0.027856826378416973,0.020189892694121477,3.291965479232748e-05,1.0,9.776465470512363e-10,5.944462699858377e-10,1.7867651802561113e-15,,,,,,,
2403,0.7,2.0,2.0,False,0.7058338309719876,0.6972257796970192,5.510331139910139,0.4982286009511295,1.785782626395684,-0.014768482118598339,0.010837351626328186,1.600006367168426e-05,1.0,9.62099677703776e-10,3.496245515322016e-10,2.8831104170734534e-15,,,,,,,
2403,0.7,2.0,4.0,False,0.13911053918979052,0.13736412830841035,5.57799638520588,0.1251185959662925,0.5588263400135158,-0.001654920183066204,0.0012760391557575072,1.8341770830698776e-06,1.0,9.350998139874556e-10,2.417240296814782e-10,2.5653714178994202e-15,,,,,,,
2403,0.7,8.0,-2.0,False,2.4304383113841106,2.4189455660597683,9.516426223673857,0.42440610418195857,1.557167962282958,-0.041461921833028464,0.07551617994844387,0.0029797879928525357,1.0,9.966650005299726e-10,6.334266444696368e-10,3.1363800445660672e-15,,,,,,,
2403,0.7,8.0,0.0,False,1.7139072126125727,1.7035373402649145,5.014474345768221,0.295144827232038,1.1298189286789622,-0.030336893217815752,0.05312637374062586,0.002144774523727536,1.0,9.560472656600094e-10,4.461693237090003e-10,1.788499903732088e-15,,,,,,,
2403,0.7,8.0,1.0986122886681098,True,1.419544950667912,1.4113981766823347,4.297831218372038,0.24478659276803316,0.9481622298016492,-0.024993269419821038,0.04286530617952457,0.0017399556359566331,1.0,9.641677699290252e-10,4.5774761758821114e-10,1.846396299742814e-15,,0.0471751747736902,0.15525872861563805,0.8530259132385254,0.05063743369147523,0.1718079011495641,0.8530259132385254
2403,0.7,8.0,2.0,False,1.2104550720864817,1.2040625546636285,4.517065165109685,0.22151077304933392,0.8475089658802764,-0.021329809614865032,0.03637194890616818,0.0013846850477946513,1.0,9.49823910495473e-10,4.440403600369791e-10,2.336238841271765e-15,,,,,,,
2403,0.7,8.0,4.0,False,0.7967018179140015,0.791772368955816,5.862659908895266,0.19409330259782623,0.7060131053816523,-0.014793015417359459,0.025250679410409028,0.000705125283858598,1.0,9.405311477556078e-10,3.8318592743280533e-10,3.566591466608315e-15,,,,,,,
2403,0.7,32.0,-2.0,False,1.7513757949589617,1.7509086817741322,12.850861298603428,0.07356640631583071,0.27269872951321805,-0.006725791984638146,0.009164726234335192,0.0003969550335509066,1.0,7.701271842464052e-10,3.182375474253263e-10,7.299716386910404e-15,,,,,,,
2403,0.7,32.0,0.0,False,1.6082453066989082,1.6073198131984858,7.606978739469782,0.07029944527035537,0.2498654198045969,-0.005633636937428499,0.00786001247263241,0.0002678924547914445,1.0,5.423114179947675e-10,2.0447643578336283e-10,5.378862502972148e-15,,,,,,,
2403,0.7,32.0,1.0986122886681098,False,1.533905300479861,1.532946438772711,6.899549832509108,0.06399892514791344,0.22877704235694102,-0.004837721703429557,0.006783217596214922,0.00021137505833821187,1.0,4.329486769094615e-10,2.0891804952682946e-10,6.4669036446707685e-15,,,,,,,
2403,0.7,32.0,2.0,False,1.479547188991906,1.4787708186307955,7.292677041515987,0.0568060942471216,0.2077464664096855,-0.004403377023180801,0.005998734011680226,0.00018964232262188468,1.0,6.843843087731005e-10,2.1038149000673911e-10,5.917141776556889e-15,,,,,,,
2403,0.7,32.0,4.0,False,1.3753278235586994,1.3749743732890523,9.49222847490208,0.0481768433792241,0.17486372099653724,-0.0037571308412377383,0.0048964483460697105,0.00016948831375143082,1.0,9.288891322789539e-10,3.2818370243603567e-10,5.74880736538113e-15,,,,,,,
2403,0.95,2.0,-2.0,False,4.301792609064141,4.317075946637186,8.12724053224113,0.8963616973197135,3.039856058841053,-0.0733267443391856,0.07247630779157162,0.00010365555592904996,1.0,9.45096667592793e-10,7.149960623564766e-10,3.2751579226442118e-15,,,,,,,
2403,0.95,2.0,0.0,False,2.2412531590121274,2.2207128424232474,6.104269335761207,1.0031298690846788,3.2950293933111876,-0.06176990367506152,0.061438164961091175,0.0001228701304813089,1.0,9.778706178131813e-10,7.186495842859131e-10,2.067790383364354e-15,,,,,,,
2403,0.95,2.0,1.0986122886681098,False,1.275026887421134,1.2543450631549935,5.576083100425186,0.7386484804725345,2.541410672372864,-0.037541823949175115,0.03771072250435546,8.08910371619476e-05,1.0,9.918243448758801e-10,5.576259454187493e-10,1.887379141862766e-15,,,,,,,
2403,0.95,2.0,2.0,False,0.7206442718546657,0.7054895440360698,5.49437089594307,0.49406911657652464,1.799209638651051,-0.021088156964738515,0.02139474172498889,4.616418026109469e-05,1.0,9.547193591252778e-10,3.909910173405251e-10,2.557416084458808e-15,,,,,,,
2403,0.95,2.0,4.0,False,0.15065948324418532,0.14668733255169708,5.59142048720349,0.13006638294115935,0.5814747099853642,-0.0033315864186193684,0.0034885561165951783,8.939044802850695e-06,1.0,9.335242093233553e-10,2.3599266985030454e-10,1.8764693575021307e-15,,,,,,,
2403,0.95,8.0,-2.0,False,2.3964131769585464,2.3770472048955837,9.511518714140397,0.41271359744658587,1.641551190948946,-0.08125829707136045,0.1837764357993732,0.012131783813407494,1.0,9.761032537802805e-10,6.065405955268943e-10,3.164135620181696e-15,,,,,,,
2403,0.95,8.0,0.0,False,1.7023580172724784,1.6843144059111577,4.964539138664385,0.2850740029508727,1.2034631039550663,-0.06537301068110625,0.14573309032062812,0.010153377469364282,1.0,9.88395809642384e-10,5.035829531152558e-10,1.6965595595053173e-15,,,,,,,
2403,0.95,8.0,1.0986122886681098,True,1.4176967400180522,1.4002951080497403,4.24080683191392,0.23738704807872027,1.0210526001362443,-0.056911663794307774,0.12630673019203592,0.0087112063691725,1.0,9.80005581893706e-10,4.43590497667401e-10,1.5543122344752192e-15,,0.05450401266499655,0.1753377640276542,0.8269794583320618,0.05975601620251578,0.2174415353036623,0.8333333134651184
2403,0.95,8.0,2.0,False,1.2141375850069067,1.1982795750704482,4.461034810730156,0.21656655061606667,0.9191199702941845,-0.050079082883512795,0.111113044990879,0.007644960396189753,1.0,9.982131024544039e-10,3.7254377360795843e-10,3.0531133177191805e-15,,,,,,,
2403,0.95,8.0,4.0,False,0.8060579129288955,0.7933095554905594,5.820978183827847,0.1929989362429687,0.7699202815472892,-0.03667714600020498,0.08366599637789505,0.005316500027067082,1.0,9.812152201860158e-10,3.631734912801221e-10,2.7097396576206012e-15,,,,,,,
2403,0.95,32.0,-2.0,False,1.7371715909698464,1.7363041454697652,12.949845134980425,0.07339857399446874,0.35612112734310536,-0.03433273232974705,0.06341014848269327,0.005185994218131803,1.0,7.67800871492863e-10,1.977928931751194e-10,6.21781584542576e-15,,,,,,,
2403,0.95,32.0,0.0,False,1.5933458497627146,1.5915562372518826,7.676192779418105,0.0686142254715774,0.3300249640061178,-0.032930368348747865,0.060969333969213634,0.004983717398905311,1.0,9.656918546069315e-10,2.0449064663807803e-10,4.551914400963142e-15,,,,,,,
2403,0.95,32.0,1.0986122886681098,False,1.522339684843298,1.5199294138802948,6.9539971879038,0.060045898437803016,0.30232757617929584,-0.03157467179653667,0.05861938577141815,0.004761602735773292,1.0,9.65995061719127e-10,2.096041673560478e-10,3.747002708109903e-15,,,,,,,
2403,0.95,32.0,2.0,False,1.471752151883665,1.4691237416255372,7.33837735731537,0.05252257229859249,0.27864304727327194,-0.030293692638133536,0.056344337282803955,0.004511371840396457,1.0,8.924279752686726e-10,2.0595347649532414e-10,4.683753385137379e-15,,,,,,,
2403,0.95,32.0,4.0,False,1.3740525979309508,1.370777644773053,9.530005086337024,0.04748605051538064,0.25043186720736554,-0.02662605179576298,0.05025161098843842,0.0037762736164083537,1.0,7.933647072633221e-10,3.2249047876575787e-10,5.566541792568532e-15,,,,,,,
2401,0.0,2.0,-2.0,False,4.626402380894323,4.626402380894323,7.709153677663033,0.9076455327453057,2.778151554069745,-3.9898639947466563e-17,-2.706168622523819e-16,1.033823144730865e-31,1.0,2.220446049250313e-16,8.10102207537966e-10,2.307493931173743e-15,1.1102230246251565e-15,,,,,,
2401,0.0,2.0,0.0,False,2.406994726788556,2.406994726788556,6.211831764493742,1.1165442847342157,3.3212024371490676,1.111307226797642e-18,1.3877787807814457e-16,3.6040029865890895e-32,1.0,1.1102230246251565e-16,1.1587939496848776e-09,2.514481678428382e-15,7.771561172376096e-16,,,,,,
2401,0.0,2.0,1.0986122886681098,False,1.3301508380188558,1.330150838018856,5.801600694652789,0.8195423384687363,2.5839210037881033,8.294146619514109e-18,1.5959455978986625e-16,1.8694670324027387e-32,1.0,2.220446049250313e-16,7.31154692346081e-10,2.344695618217152e-15,7.771561172376096e-16,,,,,,
2401,0.0,2.0,2.0,False,0.7214014542839432,0.7214014542839432,5.742291640222926,0.534213744205433,1.8092842290050437,-2.915910920922929e-19,-3.5388358909926865e-16,7.746737972895911e-33,1.0,1.1102230246251565e-16,3.8539837987627834e-10,2.8406401850981228e-15,6.106226635438361e-16,,,,,,
2401,0.0,2.0,4.0,False,0.13130704837538276,0.13130704837538268,5.804988390350866,0.12286685836550634,0.5437001428772021,9.177734332398353e-20,6.591949208711867e-17,2.3501013870806965e-33,1.0,4.163336342344337e-17,2.4873220150212205e-10,2.6319737905955933e-15,3.885780586188048e-16,,,,,,
2401,0.0,8.0,-2.0,False,2.7656711004362484,2.7656711004362484,9.342638189832595,0.4765821702246673,1.527222545922853,2.0827266314839914e-17,2.671474153004283e-16,1.0575326833912518e-31,1.0,2.220446049250313e-16,6.617710823775269e-10,3.076789850667351e-15,1.2212453270876722e-15,,,,,,
2401,0.0,8.0,0.0,False,1.9266175614296313,1.926617561429631,5.3917671068339885,0.35727281134439637,1.1809092318208956,-1.509130152279794e-18,1.0755285551056204e-16,4.343930590839607e-32,1.0,1.1102230246251565e-16,4.792957142285559e-10,2.853407294738369e-15,9.992007221626409e-16,,,,,,
2401,0.0,8.0,1.0986122886681098,True,1.570444763997317,1.570444763997317,4.873454244146064,0.29309726361882865,0.9889935363866099,1.805455951881332e-18,1.5439038936193583e-16,2.9880208101286674e-32,1.0,1.3877787807814457e-16,3.546611893057161e-10,2.0476050601197864e-15,1.1102230246251565e-15,0.04426855522129494,0.14961089188414362,0.876288652420044,0.04426855522129495,0.14961089188414362,0.876288652420044
2401,0.0,8.0,2.0,False,1.3248857764750879,1.3248857764750879,5.211232620059461,0.25472088264812165,0.8675168551197506,-1.0752057243970905e-17,-1.465841337200402e-16,4.1857502345714695e-32,1.0,5.551115123125783e-17,4.445990242629705e-10,2.3224241099428774e-15,1.2212453270876722e-15,,,,,,
2401,0.0,8.0,4.0,False,0.8567263851627942,0.8567263851627942,6.729227949902767,0.21943544419909947,0.7165639590930818,-3.969271288418193e-18,3.972516759986888e-16,3.692888113746069e-32,1.0,2.7755575615628914e-16,4.426183863870392e-10,3.492028658816485e-15,1.3322676295501878e-15,,,,,,
2401,0.0,32.0,-2.0,False,2.008298388282192,2.008298388282192,14.060258588666468,0.09153184605345838,0.3050368696903905,-2.3651783723366033e-17,3.7643499428696714e-16,1.670425371678664e-31,1.0,2.636779683484747e-16,2.87337598159354e-10,7.647284445411747e-15,2.55351295663786e-15,,,,,,
2401,0.0,32.0,0.0,False,1.833273451913372,1.833273451913372,9.297693376614813,0.0870298671889167,0.28736387993126705,1.5673004328951282e-17,1.3270634591222574e-16,9.303443637266663e-32,1.0,4.440892098500626e-16,3.148592497836944e-10,1.1071581109695987e-14,1.6653345369377348e-15,,,,,,
2401,0.0,32.0,1.0986122886681098,False,1.7367081070121217,1.7367081070121217,8.8260436754627,0.08819330972392136,0.2852182593237864,7.927506227782524e-19,2.669305748659312e-16,8.18595654702672e-32,1.0,4.996003610813204e-16,3.0153790575582207e-10,7.85065286618728e-15,1.7763568394002505e-15,,,,,,
2401,0.0,32.0,2.0,False,1.6581705689589774,1.6581705689589774,9.39138334541715,0.0854511084982009,0.27600881955462364,-9.292117741066183e-19,-4.264167144385489e-16,1.0022597799190048e-31,1.0,1.3183898417423734e-16,2.1179991094300021e-10,8.579623108643531e-15,1.887379141862766e-15,,,,,,
2401,0.0,32.0,4.0,False,1.4995904996490503,1.4995904996490501,11.892097058115626,0.07227370015687185,0.23454505554353594,-6.098014727855357e-18,6.136584296267955e-16,1.4257741038869865e-31,1.0,4.301339185275744e-23,2.1527757354533605e-10,1.15662359288474e-14,2.6645352591003757e-15,,,,,,
2401,0.7,2.0,-2.0,False,4.433292938819363,4.443928949747102,7.930124992278582,0.8772106472217231,2.9070442565406416,-0.04805418395686137,0.034285618566007425,4.665929003092929e-05,1.0,9.718102988998112e-10,7.608846885887033e-10,2.921274333544943e-15,,,,,,,
2401,0.7,2.0,0.0,False,2.3682521678724044,2.3584581489628222,6.18312691189684,1.0335508403453166,3.3153150245017193,-0.04702201552719937,0.03357837263917611,5.4426865842309624e-05,1.0,9.81494663321314e-10,8.575780086061968e-10,2.203098814490545e-15,,,,,,,
2401,0.7,2.0,1.0986122886681098,False,1.357687077714533,1.3455592017341282,5.77164707050691,0.7843320569555954,2.62089043685373,-0.02888804306806919,0.020819342062805078,3.4019875320788434e-05,1.0,9.731782046884518e-10,7.188223349885448e-10,1.817990202823694e-15,,,,,,,
2401,0.7,2.0,2.0,False,0.7640225703056693,0.7548481320455604,5.746282411370839,0.533122989965759,1.8789917559271916,-0.015000703553000632,0.010989285554707073,1.8519227841486566e-05,1.0,9.164771164194008e-10,4.220899185725102e-10,2.2343238370581275e-15,,,,,,,
2401,0.7,2.0,4.0,False,0.15113615312690193,0.14949286761009434,5.875526776464552,0.13588023870329613,0.5992746872571162,-0.0016611633075995797,0.0012764561497067943,1.5455338258513827e-06,1.0,9.890008638435699e-10,2.5963309280285785e-10,2.1236267952473575e-15,,,,,,,
2401,0.7,8.0,-2.0,False,2.6785402536803318,2.672167410032963,9.405625223361856,0.43645909820304785,1.5671141793395065,-0.039413374986717487,0.07926936067409038,0.0037421535297503194,1.0,9.949463995739816e-10,6.233076277339933e-10,3.359725692098081e-15,,,,,,,
2401,0.7,8.0,0.0,False,1.9087527152286423,1.9014371468707347,5.353052835672662,0.32743248467641106,1.2302745245885518,-0.035019488893178005,0.06774599036732179,0.0029735869682663073,1.0,9.977249026960067e-10,4.1296743802377023e-10,2.7549644965492448e-15,,,,,,,
2401,0.7,8.0,1.0986122886681098,True,1.5814033473309737,1.5729181532626018,4.8317409702699505,0.2711107489702016,1.0450605436117348,-0.031408358520603474,0.058590431454437784,0.002792089974202419,1.0,9.97211896391903e-10,4.916445028868566e-10,2.9247437804968968e-15,,0.05107908509629087,0.1698536732495601,0.8688945770263672,0.055841547098691935,0.19124020700280653,0.8615384697914124
2401,0.7,8.0,2.0,False,1.3523091944509984,1.3446675199256795,5.1873028478328465,0.239815126456942,0.9288224162310752,-0.027790502546635613,0.05133072692994839,0.002571977787850535,1.0,9.8267977088895e-10,4.072688852829742e-10,2.9785202082521778e-15,,,,,,,
2401,0.7,8.0,4.0,False,0.9065430343259631,0.898239469903527,6.784489673601227,0.21128400696664862,0.7759838046026182,-0.01948495391795162,0.03626654323709763,0.0015418451633519867,1.0,9.987705142100456e-10,4.293458921722504e-10,3.9968028886505635e-15,,,,,,,
2401,0.7,32.0,-2.0,False,1.9773388386133481,1.9766839451637588,14.07567951068342,0.08732041374204334,0.3363545245700921,-0.014584707548220832,0.028393619772893685,0.002467984061897445,1.0,9.312701443331406e-10,2.9456992400866966e-10,9.412118251703116e-15,,,,,,,
2401,0.7,32.0,0.0,False,1.8097054354744264,1.8078138041477683,9.258334520171687,0.08203650195424317,0.3141218838668822,-0.013041633317064566,0.025872946663376157,0.0018982456617055402,1.0,7.165204818360138e-10,3.113376223495834e-10,8.431316867987552e-15,,,,,,,
2401,0.7,32.0,1.0986122886681098,False,1.7207352559125313,1.7179683461712578,8.76456579977458,0.07931698108744314,0.3006228529966034,-0.011769875588062126,0.023341328087498052,0.001441041019888395,1.0,6.330738155924109e-10,2.9635449649845214e-10,8.56334781445274e-15,,,,,,,
2401,0.7,32.0,2.0,False,1.6512439461978625,1.648008193162593,9.319450850706444,0.07460345615167203,0.28336308306969626,-0.010633217086662088,0.02057735635161335,0.0011055534045834466,1.0,8.791942139596554e-10,2.21310969550359e-10,1.0951823725539558e-14,,,,,,,
2401,0.7,32.0,4.0,False,1.514694842761589,1.5126719732828264,11.828394586165015,0.06147780881627417,0.23519317544767077,-0.0090354116155252,0.014882272411981146,0.000829038756311942,1.0,9.427014238672093e-10,2.191979930898924e-10,8.239015580935376e-15,,,,,,,
2401,0.95,2.0,-2.0,False,4.381037777603587,4.395831396347801,7.941053609637855,0.8571673252970184,2.928030852137069,-0.06855130318848891,0.0678095118271215,0.00010945688782588822,1.0,9.866832906268996e-10,7.979146232628409e-10,3.83026943495679e-15,,,,,,,
2401,0.95,2.0,0.0,False,2.365244088355569,2.348777411459962,6.137547419441624,1.0098719362407416,3.3138331407268886,-0.06404761848014603,0.0635325822552413,0.00012054332847091721,1.0,9.988248006465028e-10,8.311049626286149e-10,2.310651670001107e-15,,,,,,,
2401,0.95,2.0,1.0986122886681098,False,1.3748602024051282,1.353281347009228,5.735050667386194,0.7724354868918907,2.6354805956790015,-0.041607528921909734,0.04156422828142603,8.776229822558648e-05,1.0,9.82267961413541e-10,6.95485447010924e-10,2.2620794126737565e-15,,,,,,,
2401,0.95,2.0,2.0,False,0.7867522352116947,0.769226332027775,5.728424405451142,0.5322690449828558,1.9085729579820634,-0.023219718125273507,0.02348583329802556,5.919261635241253e-05,1.0,9.76355454818112e-10,5.049689555391979e-10,2.4216739724636227e-15,,,,,,,
2401,0.95,2.0,4.0,False,0.16387284565157234,0.15989078278130536,5.895604342941042,0.14276322028564647,0.6295725309209556,-0.003244821278227129,0.0034205393693765296,7.753385345454646e-06,1.0,9.612920993072593e-10,2.687905453768735e-10,2.2735719557021028e-15,,,,,,,
2401,0.95,8.0,-2.0,False,2.654129910324068,2.6439744994642584,9.333022975487165,0.4277622575477764,1.665545376326831,-0.08008392184769013,0.18333417755902745,0.012360551847976296,1.0,3.3382717701258002e-09,6.505160854430869e-10,3.577867169202165e-15,,,,,,,
2401,0.95,8.0,0.0,False,1.9059616224454703,1.89223050942239,5.252073593967941,0.31540397362494,1.3081680233021933,-0.07273974976647729,0.1597978771893954,0.011361089137202006,1.0,9.711944581880516e-10,4.767528594129544e-10,3.419423647778278e-15,,,,,,,
2401,0.95,8.0,1.0986122886681098,True,1.5913943038327383,1.5750679069111102,4.7348243081058685,0.2601030244815977,1.1171092512132654,-0.06604733429464496,0.1430079291971405,0.010230081993795605,1.0,9.92412430012024e-10,4.778151208029158e-10,2.7824964554667986e-15,,0.06358580887660979,0.20246592789693277,0.818652868270874,0.07576281552990329,0.2861984540012213,0.8205128312110901
2401,0.95,8.0,2.0,False,1.3715827278351593,1.3555317368181201,5.103681618797904,0.2304202222342028,1.0001390494633517,-0.05976694556842394,0.12844678338437668,0.009025102319494922,1.0,9.959158775441068e-10,3.2037661412687157e-10,3.344546861683284e-15,,,,,,,
2401,0.95,8.0,4.0,False,0.9350880027987796,0.9182779183348652,6.752318882274742,0.21199815859488247,0.8550902348324656,-0.043684875489962846,0.0945637949728881,0.006186595162665183,1.0,9.953049916362755e-10,5.892966115084164e-10,4.3298697960381105e-15,,,,,,,
2401,0.95,32.0,-2.0,False,1.9554740661231165,1.955663790616992,13.94446201793767,0.08456981585487222,0.4060590498270673,-0.03954937431070453,0.07195845437636474,0.005951879893693779,1.0,9.7372612750668e-10,3.0898372749277314e-10,1.2124605789851084e-14,,,,,,,
2401,0.95,32.0,0.0,False,1.7983286151489986,1.7968253547993487,9.092177440395734,0.07462118679760588,0.37314120060514966,-0.03838542454343033,0.07096735242872657,0.005702005323148791,1.0,9.168414361049315e-10,2.3167778806509887e-10,1.0315939725710765e-14,,,,,,,
2401,0.95,32.0,1.0986122886681098,False,1.717528663674409,1.7148092729883029,8.590436920444379,0.07226556213279314,0.35886994732816835,-0.03677885564697777,0.06862138622338862,0.0054317419965065105,1.0,9.490146446466952e-10,3.5164449130320463e-10,6.095181372062545e-15,,,,,,,
2401,0.95,32.0,2.0,False,1.6536208759943336,1.6503565510853548,9.14508114204897,0.0695191823241132,0.3445778464197614,-0.03518040910154714,0.06587825422828865,0.005245283394109473,1.0,6.851817169195584e-10,2.1376411751816704e-10,1.0443902687118367e-14,,,,,,,
2401,0.95,32.0,4.0,False,1.52116705956916,1.5190314245449095,11.664661077269924,0.06133518084651025,0.3039936746102042,-0.03248297511941146,0.060026631237891925,0.005032608619340407,1.0,6.389236084647365e-10,3.3797209475494583e-10,1.1703989557035333e-14,,,,,,,
2402,0.0,2.0,-2.0,False,4.630436945635977,4.630436945635978,7.677221401162228,0.9092458061038495,2.7847177738195255,3.968179951296946e-17,-3.469446951953614e-16,1.070144979775793e-31,1.0,2.220446049250313e-16,9.202576478628544e-10,3.4966604264830004e-15,9.992007221626409e-16,,,,,,
2402,0.0,2.0,0.0,False,2.398308430942274,2.3983084309422735,6.1771496027153585,1.1232028540606929,3.3374695822308755,1.2332799712022613e-18,1.734723475976807e-16,3.6941367587585405e-32,1.0,1.1102230246251565e-16,1.027654406016154e-09,2.3710417310085496e-15,6.661338147750939e-16,,,,,,
2402,0.0,2.0,1.0986122886681098,False,1.3171786861668202,1.3171786861668202,5.754442844863545,0.8205248927518471,2.587490472997631,7.32514092785519e-18,1.6653345369377348e-16,1.5420542398795054e-32,1.0,2.220446049250313e-16,7.395648538022215e-10,2.153442354990709e-15,6.661338147750939e-16,,,,,,
2402,0.0,2.0,2.0,False,0.7095314432491251,0.7095314432491251,5.683655437470817,0.531070172368347,1.8027884781449748,-5.908054807098745e-20,-3.8163916471489756e-16,8.250019022150093e-33,1.0,2.220446049250313e-16,3.9000602747307767e-10,2.990812350382732e-15,6.661338147750939e-16,,,,,,
2402,0.0,2.0,4.0,False,0.12753594628651163,0.12753594628651155,5.73085529555765,0.11980262808419284,0.5347543398073473,2.922263668027336e-20,4.85722573273506e-17,2.1491645561912105e-33,1.0,5.551115123125783e-17,2.682177813184694e-10,1.9550942865158065e-15,3.3306690738754696e-16,,,,,,
2402,0.0,8.0,-2.0,False,2.7270114361603843,2.7270114361603843,9.291438502494971,0.4744465668192991,1.5337184087437397,-4.3055760043732405e-18,3.469446951953614e-17,8.136372886622434e-32,1.0,2.220446049250313e-16,4.38294733839939e-10,4.130771923790171e-15,1.1102230246251565e-15,,,,,,
2402,0.0,8.0,0.0,False,1.913061387153399,1.9130613871533992,5.285819776129639,0.34674149382549707,1.1582721939550034,-6.054049057437663e-18,1.5265566588595902e-16,3.2644344494590934e-32,1.0,1.1102230246251565e-16,5.139924041941413e-10,2.2006163528280448e-15,9.992007221626409e-16,,,,,,
2402,0.0,8.0,1.0986122886681098,True,1.5605655059365149,1.5605655059365149,4.756112322895169,0.29693302512339287,0.9946890615014359,7.958469498803253e-18,1.8908485888147197e-16,2.436709288574476e-32,1.0,9.71445146547012e-17,4.3781867020697973e-10,2.3124887618246842e-15,1.2212453270876722e-15,0.04818021964087236,0.16416196049731638,0.8759493827819824,0.04818021964087235,0.16416196049731643,0.8759493827819824
2402,0.0,8.0,2.0,False,1.308188592519917,1.308188592519917,5.082305628838944,0.2642739008968775,0.8859768963163805,-5.908452889384123e-18,-2.5587171270657905e-16,3.0100497013785463e-32,1.0,9.71445146547012e-17,3.609077481314671e-10,2.5512060294742887e-15,1.2212453270876722e-15,,,,,,
2402,0.0,8.0,4.0,False,0.832406949450198,0.832406949450198,6.554351609831826,0.2161091077515927,0.7129511799956045,1.680669533084607e-18,3.668940151690947e-16,3.576585959074346e-32,1.0,2.7755575615628914e-16,4.5486725497312364e-10,3.6401489984043955e-15,1.2212453270876722e-15,,,,,,
2402,0.0,32.0,-2.0,False,2.0097447229046908,2.009744722904691,13.535871871046611,0.07995666325187246,0.26996219429686935,2.016892653602087e-17,7.28583859910259e-16,1.514613684886436e-31,1.0,4.440892098500626e-16,3.1304203673698794e-10,6.711197897370602e-15,2.9976021664879227e-15,,,,,,
2402,0.0,32.0,0.0,False,1.845482938482598,1.8454829384825977,8.790045612563524,0.08449145565771526,0.2753632843414401,-1.304044590078201e-18,3.43908929112402e-16,8.981065579740921e-32,1.0,3.3306690738754696e-16,5.233120603520547e-10,7.55788355320372e-15,2.55351295663786e-15,,,,,,
2402,0.0,32.0,1.0986122886681098,False,1.7521663570133388,1.752166357013339,8.333496350835798,0.0847549830944132,0.27404693046987016,1.4740215897397425e-17,1.1750041044311654e-16,8.890921928828951e-32,1.0,5.273559366969494e-16,3.8747494102153723e-10,9.086422698375672e-15,2.1094237467877974e-15,,,,,,
2402,0.0,32.0,2.0,False,1.6768840755983363,1.6768840755983363,8.914223745684021,0.08181063047061549,0.2656497065301062,1.6658938082687654e-17,3.843496701461113e-17,9.446758881713055e-32,1.0,1.942890293094024e-16,2.8767177528976617e-10,4.3424312681695954e-15,1.7763568394002505e-15,,,,,,
2402,0.0,32.0,4.0,False,1.5243888837005817,1.5243888837005812,11.459121798389354,0.07125505063538264,0.2371525071852173,9.158539834017052e-19,7.246807320893112e-16,1.1304439595546858e-31,1.0,1.9081958235744878e-17,3.6572878059359937e-10,5.9176467467463945e-15,1.887379141862766e-15,,,,,,
2402,0.7,2.0,-2.0,False,4.425239994643609,4.4351961598089495,7.9166418746070715,0.8796877243277985,2.9194724387103834,-0.04868675610368216,0.03480774538715414,4.2282994141320954e-05,1.0,9.854284055421658e-10,5.840323780148537e-10,3.157196726277789e-15,,,,,,,
2402,0.7,2.0,0.0,False,2.3477422720947088,2.338677776352252,6.142566390576125,1.0389673727701105,3.328655259360662,-0.047407509758526416,0.03389937099325718,5.544481649019456e-05,1.0,9.86815185122225e-10,7.380656086297677e-10,2.4494295480792516e-15,,,,,,,
2402,0.7,2.0,1.0986122886681098,False,1.3364063466047287,1.3241529088120363,5.70717349297907,0.7805539566605728,2.6158959575900065,-0.029990630184907864,0.021603583191953823,3.425050646825792e-05,1.0,9.27240562109688e-10,5.068114816708658e-10,2.0816681711721685e-15,,,,,,,
2402,0.7,2.0,2.0,False,0.7477711449701997,0.7378653634579461,5.664722011774876,0.5267767967795233,1.8652033623666218,-0.015427462116922844,0.011310815255708422,1.9361317022965344e-05,1.0,9.83865322545796e-10,3.244852719852531e-10,2.244298497044994e-15,,,,,,,
2402,0.7,2.0,4.0,False,0.14462343690049123,0.14312130984120525,5.772257746781603,0.13239671403271047,0.5868974704245755,-0.0012141248296806538,0.0009619382491323075,9.280313494724588e-07,1.0,8.907743874117524e-10,2.486102712584426e-10,2.233022794451145e-15,,,,,,,
2402,0.7,8.0,-2.0,False,2.6393163531997135,2.6334553961895297,9.363272118393393,0.4407414185245123,1.5750804091275874,-0.03484580931951577,0.06278673857557385,0.0026861289161137854,1.0,9.013095686460915e-10,4.2888270712637677e-10,2.5292268279741847e-15,,,,,,,
2402,0.7,8.0,0.0,False,1.8799339048728743,1.8751022959929577,5.240617712945366,0.32456425179548853,1.2156707546270478,-0.029854036073694565,0.0526645629267271,0.0020149508681856776,1.0,9.967535685717621e-10,4.76493511314402e-10,1.867429821889033e-15,,,,,,,
2402,0.7,8.0,1.0986122886681098,True,1.5495419931857455,1.5445194477866455,4.687055370586157,0.2787282057840735,1.054049546453842,-0.027517378373367644,0.047275788074306345,0.0017654220325452592,1.0,9.801994771407863e-10,4.296802913472675e-10,1.6367115995841175e-15,,0.055406810322783856,0.1865397272904262,0.8600509166717529,0.05818109962415504,0.20065111209672204,0.8600509166717529
2402,0.7,8.0,2.0,False,1.3122825359015655,1.307315673575375,5.010315345543147,0.24886521028864902,0.9445088812805751,-0.02573202176590384,0.042760572327040176,0.001690130561461614,1.0,9.883310576191962e-10,3.415974170195568e-10,3.0725857581436096e-15,,,,,,,
2402,0.7,8.0,4.0,False,0.8628801823159381,0.8580578286099223,6.518229023927641,0.20474531972815926,0.7615662002316838,-0.01966494657170309,0.03311394115260951,0.0013284893283781905,1.0,9.81665505828122e-10,2.859099623719885e-10,4.24313362223927e-15,,,,,,,
2402,0.7,32.0,-2.0,False,1.9684519925060942,1.9678693119993038,13.532377683457522,0.07771708221523063,0.28289636564975007,-0.006296043676623822,0.009456685313380803,0.0004884682187221391,1.0,2.001369048854218e-10,1.9687362851072976e-10,9.22120893369089e-15,,,,,,,
2402,0.7,32.0,0.0,False,1.8107043548534345,1.8105116182647762,8.7091979232545,0.0789459780818843,0.280958823628333,-0.005792372595484809,0.008636421072055107,0.00045299263995924823,1.0,8.874576629125386e-10,3.0731328592992213e-10,5.824427467122116e-15,,,,,,,
2402,0.7,32.0,1.0986122886681098,False,1.7244014711217213,1.724308456816645,8.218169751601915,0.07799825050859552,0.2768478396453056,-0.005734401868725754,0.008510262726579853,0.00042563376221153073,1.0,9.97068692366876e-10,2.11365147606557e-10,6.075309932863579e-15,,,,,,,
2402,0.7,32.0,2.0,False,1.6548663866837048,1.6545738403983403,8.776529533451813,0.07605210823032942,0.27008043471149296,-0.005565152839984544,0.008352758395572007,0.00038685481470717846,1.0,9.515589427522286e-10,2.7148217007777475e-10,1.2995215899192208e-14,,,,,,,
2402,0.7,32.0,4.0,False,1.5109984289994747,1.5102964953695197,11.286753145195869,0.0675884291888622,0.2440991715629347,-0.004755318591534848,0.007213879399163978,0.0003035297295060989,1.0,4.842568290808202e-10,2.0264456779273132e-10,1.1505542654746096e-14,,,,,,,
2402,0.95,2.0,-2.0,False,4.365430759226012,4.378271477431867,7.947591903960722,0.8598275297989917,2.9394728751662464,-0.06879748021606458,0.06811297527985558,0.00010261442093513955,1.0,9.998629146856786e-10,5.536620051316277e-10,3.1086244689504383e-15,,,,,,,
2402,0.95,2.0,0.0,False,2.3376876801817073,2.3225591653722404,6.101717706102831,1.013572447049381,3.3187507790325084,-0.06336749501612864,0.06295759341770708,0.00011069657444756581,1.0,9.822179736218573e-10,7.596980822199839e-10,2.123301534595612e-15,,,,,,,
2402,0.95,2.0,1.0986122886681098,False,1.3493050181407775,1.3279971023422819,5.668959211966751,0.7656851033423145,2.620063774950099,-0.04214752491816708,0.04210017002441557,8.041398066731874e-05,1.0,9.99038241022987e-10,5.376117329092267e-10,2.192690473634684e-15,,,,,,,
2402,0.95,2.0,2.0,False,0.7686578143821883,0.750311564019615,5.64254492533732,0.5237614628966408,1.8869583638641874,-0.023420334570527536,0.02368900946038348,5.8193535745032345e-05,1.0,9.832856334712758e-10,3.5212632809589195e-10,2.213507155346406e-15,,,,,,,
2402,0.95,2.0,4.0,False,0.15664280633960131,0.15288835106114373,5.786335971904872,0.13955911490135472,0.6159321217679036,-0.0025103257397217815,0.002711999752443444,6.01100763655439e-06,1.0,9.602898988145259e-10,2.487189343369778e-10,2.243864816176e-15,,,,,,,
2402,0.95,8.0,-2.0,False,2.6010400596697503,2.595287724751324,9.30163274348924,0.42827294231687724,1.6688453691831644,-0.07771302339961332,0.1711070327695256,0.011196635777478094,1.0,3.4852795968709493e-08,4.2372860775685695e-10,2.831068712794149e-15,,,,,,,
2402,0.95,8.0,0.0,False,1.8718993084109252,1.8667691809922713,5.131569550283153,0.3089654939021661,1.3005130683705723,-0.07564165350084921,0.16144055158733162,0.01184236644394325,1.0,9.892250976695216e-10,5.438449690586822e-10,2.1371793224034263e-15,,,,,,,
2402,0.95,8.0,1.0986122886681098,True,1.5563683644777528,1.5476506286723009,4.577841541336488,0.26799368194993245,1.147454037489886,-0.07195374057388018,0.15403686643050318,0.011329976773421247,1.0,9.69131885852903e-10,4.3922110393168623e-10,1.6653345369377348e-15,,0.06962285052355612,0.22549432178263587,0.8261964917182922,0.07584437848655318,0.28607496281639744,0.8151898980140686
2402,0.95,8.0,2.0,False,1.3264823455032213,1.3137881350664635,4.910909134526643,0.24296557287423745,1.0443452693999211,-0.06729109678066214,0.1443426277452922,0.010536430554307289,1.0,9.757966934476059e-10,3.365110412545391e-10,2.275957200481571e-15,,,,,,,
2402,0.95,8.0,4.0,False,0.8836500029516385,0.863140688068627,6.455217212552839,0.20348750430238619,0.8526197637271908,-0.04971674339727646,0.11118650415528016,0.0073157345865320356,1.0,9.917277971061011e-10,3.473252796482029e-10,2.9698465908722937e-15,,,,,,,
2402,0.95,32.0,-2.0,False,1.9507456741910691,1.9507100784332465,13.40883452472176,0.07066210646774998,0.3520233546533258,-0.03375580926390262,0.05414565167035454,0.003810592953643816,1.0,9.007923296167064e-10,2.0449686388701593e-10,1.1778972202132326e-14,,,,,,,
2402,0.95,32.0,0.0,False,1.8072943218978628,1.8083375394503425,8.565079481493324,0.07329249607527216,0.3544962992339347,-0.03368100167414962,0.05518090543470405,0.0038878849749384285,1.0,7.915097466337784e-10,3.5632297112897504e-10,5.985384854070981e-15,,,,,,,
2402,0.95,32.0,1.0986122886681098,False,1.726096287989004,1.7268855913041414,8.073275507998364,0.07394129020497914,0.35434208917544796,-0.034063756205345706,0.056284131962786005,0.003996536684848198,1.0,5.946252379374073e-10,3.6410785497764664e-10,7.936522532919765e-15,,,,,,,
2402,0.95,32.0,2.0,False,1.6605592583657396,1.6606032996873519,8.634887091302826,0.07087490287624684,0.3457039356226155,-0.034070274919916585,0.05667341345077158,0.004081395774592336,1.0,4.796985031418899e-10,2.6496027594191673e-10,1.3298390166838203e-14,,,,,,,
2402,0.95,32.0,4.0,False,1.5298759681415133,1.528465417436406,11.169246961069408,0.061302926489065816,0.3182008713633647,-0.03286164973242944,0.055169389894539574,0.003981289899354882,1.0,9.70938440758573e-10,2.0609808304428157e-10,9.072386938924204e-15,,,,,,,
