seed,method,control,batch_size,full_profile_gaussian,mean_batch_profile_gaussian,jensen_gap,beta_mean,beta_std,beta_full,floor_active
2403,vg_no_entropy,2.0,16,-11.770079612731934,-11.89251708984375,0.1224374771118164,20.122507095336914,4.7326250076293945,18.963571548461914,False
2403,vg_no_entropy,2.0,256,-11.770079612731934,-11.777998924255371,0.0079193115234375,19.038225173950195,1.180454134941101,18.963571548461914,False
2403,vg_learned,4.0,16,-12.464862823486328,-12.552538871765137,0.0876760482788086,23.53990936279297,4.701857566833496,22.560842514038086,False
2403,vg_learned,4.0,256,-12.464862823486328,-12.471237182617188,0.006374359130859375,22.63356590270996,1.3022472858428955,22.560842514038086,False
2403,vg_profiled,4.0,16,-11.83619499206543,-11.91814136505127,0.08194637298583984,20.065902709960938,3.920426607131958,19.279621124267578,False
2403,vg_profiled,4.0,256,-11.83619499206543,-11.843403816223145,0.007208824157714844,19.348705291748047,1.1438050270080566,19.279621124267578,False
2403,vg_no_variance,0.0,16,-34.144920349121094,-36.00301742553711,1.8580970764160156,10164.1181640625,5393.60205078125,5096.095703125,False
2403,vg_no_variance,0.0,256,-34.144920349121094,-34.316184997558594,0.1712646484375,5572.13623046875,1766.193115234375,5096.095703125,False
2403,vg_no_entropy,0.0,16,-31.67635726928711,-33.04313659667969,1.3667793273925781,4775.41357421875,2668.86279296875,2749.26611328125,False
2403,vg_no_entropy,0.0,256,-31.67635726928711,-31.76065444946289,0.08429718017578125,2868.34765625,595.9378662109375,2749.26611328125,False
2403,vg_profiled,0.0,16,-15.089090347290039,-15.466758728027344,0.3776683807373047,50.027366638183594,11.53186321258545,43.478755950927734,False
2403,vg_profiled,0.0,256,-15.089090347290039,-15.110733032226562,0.021642684936523438,43.95332336425781,4.593860626220703,43.478755950927734,False
2403,vg_no_variance,2.0,16,-33.08899688720703,-36.036865234375,2.9478683471679688,10951.466796875,6931.6171875,3913.74365234375,False
2403,vg_no_variance,2.0,256,-33.08899688720703,-33.60633850097656,0.5173416137695312,5000.3671875,2356.563232421875,3913.74365234375,False
2403,vg_learned,0.0,16,-15.522579193115234,-15.8927001953125,0.3701210021972656,55.486793518066406,12.256702423095703,48.455448150634766,False
2403,vg_learned,0.0,256,-15.522579193115234,-15.541093826293945,0.018514633178710938,48.90101623535156,4.5948638916015625,48.455448150634766,False
2403,vg_no_variance,4.0,16,-29.672893524169922,-31.80722999572754,2.134336471557617,3729.615234375,2368.14794921875,1666.070556640625,False
2403,vg_no_variance,4.0,256,-29.672893524169922,-29.96524429321289,0.29235076904296875,1918.1263427734375,668.507080078125,1666.070556640625,False
2403,vg_profiled,2.0,16,-13.50117301940918,-13.639686584472656,0.13851356506347656,30.989334106445312,5.875500679016113,29.232851028442383,False
2403,vg_profiled,2.0,256,-13.50117301940918,-13.508724212646484,0.0075511932373046875,29.343172073364258,1.7941197156906128,29.232851028442383,False
2403,vg_learned,2.0,16,-13.816628456115723,-13.952716827392578,0.13608837127685547,33.487728118896484,6.2222065925598145,31.63161277770996,False
2403,vg_learned,2.0,256,-13.816628456115723,-13.821792602539062,0.005164146423339844,31.713943481445312,1.633123517036438,31.63161277770996,False
2403,vg_no_entropy,4.0,16,-7.963149547576904,-8.184792518615723,0.22164297103881836,8.169657707214355,2.7398571968078613,7.321295738220215,False
2403,vg_no_entropy,4.0,256,-7.963149547576904,-7.9726762771606445,0.009526729583740234,7.356785297393799,0.5235069394111633,7.321295738220215,False
2401,vg_no_entropy,2.0,16,-12.525148391723633,-12.630461692810059,0.10531330108642578,24.130990982055664,5.571831703186035,22.903438568115234,False
2401,vg_no_entropy,2.0,256,-12.525148391723633,-12.528663635253906,0.0035152435302734375,22.943397521972656,0.9460716247558594,22.903438568115234,False
2401,vg_learned,4.0,16,-12.202516555786133,-12.289786338806152,0.08726978302001953,22.066320419311523,4.655820846557617,21.12863540649414,False
2401,vg_learned,4.0,256,-12.202516555786133,-12.208745002746582,0.006228446960449219,21.195144653320312,1.2039819955825806,21.12863540649414,False
2401,vg_profiled,4.0,16,-11.891453742980957,-11.979242324829102,0.08778858184814453,20.409082412719727,4.213764667510986,19.547813415527344,False
2401,vg_profiled,4.0,256,-11.891453742980957,-11.898306846618652,0.0068531036376953125,19.615558624267578,1.1695235967636108,19.547813415527344,False
2401,vg_no_variance,0.0,16,-34.05375671386719,-35.488677978515625,1.4349212646484375,8985.607421875,5678.8603515625,4981.2646484375,False
2401,vg_no_variance,0.0,256,-34.05375671386719,-34.29778289794922,0.24402618408203125,5596.2431640625,1760.050537109375,4981.2646484375,False
2401,vg_no_entropy,0.0,16,-30.861236572265625,-33.970577239990234,3.1093406677246094,5723.400390625,2494.184326171875,2242.416259765625,False
2401,vg_no_entropy,0.0,256,-30.861236572265625,-32.48908996582031,1.6278533935546875,4054.80859375,1698.7724609375,2242.416259765625,False
2401,vg_profiled,0.0,16,-16.211326599121094,-16.580440521240234,0.3691139221191406,65.33720397949219,12.909915924072266,57.56022644042969,False
2401,vg_profiled,0.0,256,-16.211326599121094,-16.316543579101562,0.10521697998046875,60.33238220214844,10.939221382141113,57.56022644042969,False
2401,vg_no_variance,2.0,16,-34.05620193481445,-36.537078857421875,2.480876922607422,11869.177734375,7633.06005859375,4984.31103515625,False
2401,vg_no_variance,2.0,256,-34.05620193481445,-34.9510498046875,0.8948478698730469,7146.1865234375,2863.493408203125,4984.31103515625,False
2401,vg_learned,0.0,16,-26.185482025146484,-27.772857666015625,1.5873756408691406,1156.727783203125,427.3430480957031,696.7109375,False
2401,vg_learned,0.0,256,-26.185482025146484,-26.82589340209961,0.640411376953125,895.7172241210938,290.4498291015625,696.7109375,False
2401,vg_no_variance,4.0,16,-31.716293334960938,-33.00405502319336,1.2877616882324219,4699.19775390625,2635.387939453125,2776.852783203125,False
2401,vg_no_variance,4.0,256,-31.716293334960938,-31.888652801513672,0.17235946655273438,3011.87548828125,780.8407592773438,2776.852783203125,False
2401,vg_profiled,2.0,16,-13.64074420928955,-13.761346817016602,0.12060260772705078,31.81429672241211,5.682780742645264,30.270877838134766,False
2401,vg_profiled,2.0,256,-13.64074420928955,-13.656169891357422,0.015425682067871094,30.497520446777344,2.5043156147003174,30.270877838134766,False
2401,vg_learned,2.0,16,-14.11659049987793,-14.194796562194824,0.07820606231689453,35.315757751464844,5.864889144897461,34.09489059448242,False
2401,vg_learned,2.0,256,-14.11659049987793,-14.12430477142334,0.007714271545410156,34.2246208190918,2.0605199337005615,34.09489059448242,False
2401,vg_no_entropy,4.0,16,-8.760346412658691,-8.961891174316406,0.20154476165771484,9.930057525634766,3.537027597427368,8.935986518859863,False
2401,vg_no_entropy,4.0,256,-8.760346412658691,-8.769340515136719,0.008994102478027344,8.976899147033691,0.6207853555679321,8.935986518859863,False
2402,vg_no_entropy,2.0,16,-12.80563735961914,-12.895744323730469,0.09010696411132812,25.654029846191406,5.10441255569458,24.56712532043457,False
2402,vg_no_entropy,2.0,256,-12.80563735961914,-12.812305450439453,0.0066680908203125,24.648832321166992,1.4110080003738403,24.56712532043457,False
2402,vg_learned,4.0,16,-12.451345443725586,-12.548013687133789,0.09666824340820312,23.548702239990234,4.798761367797852,22.48472785949707,False
2402,vg_learned,4.0,256,-12.451345443725586,-12.458606719970703,0.0072612762451171875,22.56559944152832,1.328845739364624,22.48472785949707,False
2402,vg_profiled,4.0,16,-11.917130470275879,-12.006237030029297,0.08910655975341797,20.534645080566406,4.084192752838135,19.67369842529297,False
2402,vg_profiled,4.0,256,-11.917130470275879,-11.924226760864258,0.007096290588378906,19.74311065673828,1.158555507659912,19.67369842529297,False
2402,vg_no_variance,0.0,16,-35.42656326293945,-37.36371994018555,1.9371566772460938,14471.1875,8546.626953125,7020.8564453125,False
2402,vg_no_variance,0.0,256,-35.42656326293945,-35.73485565185547,0.3082923889160156,7980.70947265625,2093.17626953125,7020.8564453125,False
2402,vg_no_entropy,0.0,16,-32.38799285888672,-33.64536666870117,1.2573738098144531,5449.712890625,2976.39453125,3284.594482421875,False
2402,vg_no_entropy,0.0,256,-32.38799285888672,-32.421836853027344,0.033843994140625,3339.701904296875,418.6112365722656,3284.594482421875,False
2402,vg_profiled,0.0,16,-14.925485610961914,-15.240684509277344,0.3151988983154297,47.18600845336914,11.1541109085083,41.73630142211914,False
2402,vg_profiled,0.0,256,-14.925485610961914,-14.950536727905273,0.025051116943359375,42.256568908691406,4.6161627769470215,41.73630142211914,False
2402,vg_no_variance,2.0,16,-32.981788635253906,-34.819541931152344,1.8377532958984375,8160.7734375,5672.19580078125,3810.239990234375,False
2402,vg_no_variance,2.0,256,-32.981788635253906,-33.08159255981445,0.09980392456054688,3996.75341796875,817.778564453125,3810.239990234375,False
2402,vg_learned,0.0,16,-15.471761703491211,-15.791826248168945,0.3200645446777344,54.06612777709961,12.319095611572266,47.843753814697266,False
2402,vg_learned,0.0,256,-15.471761703491211,-15.50540542602539,0.03364372253417969,48.64214324951172,6.10395622253418,47.843753814697266,False
2402,vg_no_variance,4.0,16,-30.117258071899414,-31.7454833984375,1.628225326538086,3603.14794921875,2298.880615234375,1861.828857421875,False
2402,vg_no_variance,4.0,256,-30.117258071899414,-30.193580627441406,0.07632255554199219,1933.939453125,373.2143249511719,1861.828857421875,False
2402,vg_profiled,2.0,16,-13.593741416931152,-13.735466003417969,0.1417245864868164,31.79678726196289,6.3419599533081055,29.91725730895996,False
2402,vg_profiled,2.0,256,-13.593741416931152,-13.601311683654785,0.0075702667236328125,30.02992057800293,1.821390151977539,29.91725730895996,False
2402,vg_learned,2.0,16,-13.818877220153809,-13.965089797973633,0.14621257781982422,33.706268310546875,6.856133460998535,31.64940643310547,False
2402,vg_learned,2.0,256,-13.818877220153809,-13.827510833740234,0.008633613586425781,31.785497665405273,2.0620877742767334,31.64940643310547,False
2402,vg_no_entropy,4.0,16,-10.014747619628906,-10.20170783996582,0.18696022033691406,13.375089645385742,3.8659732341766357,12.227492332458496,False
2402,vg_no_entropy,4.0,256,-10.014747619628906,-10.025026321411133,0.010278701782226562,12.290756225585938,0.8879231810569763,12.227492332458496,False
